[
{"pk": 1, "model": "flashcards.concept", "fields": {"description": "You / (unicode)4f60 / n(unicode)01d0"}}, 
{"pk": 2, "model": "flashcards.concept", "fields": {"description": "good; well; fine; O.K. / (unicode)597d / h(unicode)01ceo"}}, 
{"pk": 3, "model": "flashcards.concept", "fields": {"description": "(name of a Chinese reporter) / (unicode)9646(unicode)96e8(unicode)5e73 / l(unicode)00f9 y(unicode)01d4p(unicode)00edng"}}, 
{"pk": 4, "model": "flashcards.concept", "fields": {"description": "(name of a Canadian student) / (unicode)529b(unicode)6ce2 / l(unicode)00ec b(unicode)014d"}}, 
{"pk": 5, "model": "flashcards.concept", "fields": {"description": "(interrogative particle for question expecting yes-no answer) / (unicode)5417 / ma"}}, 
{"pk": 6, "model": "flashcards.concept", "fields": {"description": "I; me / (unicode)6211 / w(unicode)01d2"}}, 
{"pk": 7, "model": "flashcards.concept", "fields": {"description": "very / (unicode)5f88 / h(unicode)011bn"}}, 
{"pk": 8, "model": "flashcards.concept", "fields": {"description": "(a modal particle used for elliptical questions) / (unicode)5462 / ne"}}, 
{"pk": 9, "model": "flashcards.concept", "fields": {"description": "too; also / (unicode)4e5f / y(unicode)011b"}}, 
{"pk": 10, "model": "flashcards.concept", "fields": {"description": "(name of a British student) / (unicode)6797(unicode)5a1c / l(unicode)00edn n(unicode)00e0"}}, 
{"pk": 11, "model": "flashcards.concept", "fields": {"description": "busy / (unicode)5fd9 / m(unicode)00e1ng"}}, 
{"pk": 12, "model": "flashcards.concept", "fields": {"description": "(a particle used for questions expecting a yes-no answer) / (unicode)5417 / ma"}}, 
{"pk": 13, "model": "flashcards.concept", "fields": {"description": "dad / (unicode)7238(unicode)7238 / b(unicode)00e0ba"}}, 
{"pk": 14, "model": "flashcards.concept", "fields": {"description": "mom / (unicode)5988(unicode)5988 / m(unicode)0101ma"}}, 
{"pk": 15, "model": "flashcards.concept", "fields": {"description": "they; them / (unicode)4ed6(unicode)4eec / t(unicode)0101men"}}, 
{"pk": 16, "model": "flashcards.concept", "fields": {"description": "he; him / (unicode)4ed6 / t(unicode)0101"}}, 
{"pk": 17, "model": "flashcards.concept", "fields": {"description": "(used after pronouns (unicode)6211, (unicode)4f60, (unicode)4ed6 or certain nouns to denote plural) / (unicode)4eec / men"}}, 
{"pk": 18, "model": "flashcards.concept", "fields": {"description": "both; all / (unicode)90fd / d(unicode)014du"}}, 
{"pk": 19, "model": "flashcards.concept", "fields": {"description": "not; no / (unicode)4e0d / b(unicode)00f9"}}, 
{"pk": 20, "model": "flashcards.concept", "fields": {"description": "male / (unicode)7537 / n(unicode)00e1n"}}, 
{"pk": 21, "model": "flashcards.concept", "fields": {"description": "friend / (unicode)670b(unicode)53cb / p(unicode)00e9ngyou"}}, 
{"pk": 22, "model": "flashcards.concept", "fields": {"description": "(a modal particle used for elliptical questions) / (unicode)5462 / ne"}}, 
{"pk": 23, "model": "flashcards.concept", "fields": {"description": "elder brother / (unicode)54e5(unicode)54e5 / g(unicode)0113ge"}}, 
{"pk": 24, "model": "flashcards.concept", "fields": {"description": "to want / (unicode)8981 / y(unicode)00e0o"}}, 
{"pk": 25, "model": "flashcards.concept", "fields": {"description": "coffee / (unicode)5496(unicode)5561 / k(unicode)0101f(unicode)0113i"}}, 
{"pk": 26, "model": "flashcards.concept", "fields": {"description": "younger brother / (unicode)5f1f(unicode)5f1f / d(unicode)00ecdi"}}, 
{"pk": 27, "model": "flashcards.concept", "fields": {"description": "we; us / (unicode)6211(unicode)4eec / w(unicode)01d2men"}}, 
{"pk": 28, "model": "flashcards.concept", "fields": {"description": "to drink / (unicode)559d / h(unicode)0113"}}, 
{"pk": 29, "model": "flashcards.concept", "fields": {"description": "(a surname) / (unicode)4e01 / d(unicode)012bng"}}, 
{"pk": 30, "model": "flashcards.concept", "fields": {"description": "she; her / (unicode)5979 / t(unicode)0101"}}, 
{"pk": 31, "model": "flashcards.concept", "fields": {"description": "to be / (unicode)662f / sh(unicode)00ec"}}, 
{"pk": 32, "model": "flashcards.concept", "fields": {"description": "which / (unicode)54ea / n(unicode)01ce"}}, 
{"pk": 33, "model": "flashcards.concept", "fields": {"description": "country, nation / (unicode)56fd / gu(unicode)00f3"}}, 
{"pk": 34, "model": "flashcards.concept", "fields": {"description": "people, person / (unicode)4eba / r(unicode)00e9n"}}, 
{"pk": 35, "model": "flashcards.concept", "fields": {"description": "that / (unicode)90a3 / n(unicode)00e0"}}, 
{"pk": 36, "model": "flashcards.concept", "fields": {"description": "who; whom / (unicode)8c01 / sh(unicode)00e9i"}}, 
{"pk": 37, "model": "flashcards.concept", "fields": {"description": "teacher / (unicode)8001(unicode)5e08 / l(unicode)01ceosh(unicode)012b"}}, 
{"pk": 38, "model": "flashcards.concept", "fields": {"description": "both; all / (unicode)90fd / d(unicode)014du"}}, 
{"pk": 39, "model": "flashcards.concept", "fields": {"description": "China / (unicode)4e2d(unicode)56fd / zh(unicode)014dnggu(unicode)00f3"}}, 
{"pk": 40, "model": "flashcards.concept", "fields": {"description": "you  (polite form) / (unicode)60a8 / n(unicode)00edn"}}, 
{"pk": 41, "model": "flashcards.concept", "fields": {"description": "this / (unicode)8fd9 / zh(unicode)00e8"}}, 
{"pk": 42, "model": "flashcards.concept", "fields": {"description": "he; him / (unicode)4ed6 / t(unicode)0101"}}, 
{"pk": 43, "model": "flashcards.concept", "fields": {"description": "foreign language / (unicode)5916(unicode)8bed / w(unicode)00e0iy(unicode)01d4"}}, 
{"pk": 44, "model": "flashcards.concept", "fields": {"description": "you / (unicode)4f60 / n(unicode)01d0"}}, 
{"pk": 45, "model": "flashcards.concept", "fields": {"description": "doctor; physician / (unicode)533b(unicode)751f / y(unicode)012bsh(unicode)0113ng"}}, 
{"pk": 46, "model": "flashcards.concept", "fields": {"description": "grandmother on the father's side / (unicode)5976(unicode)5976 / n(unicode)01ceinai"}}, 
{"pk": 47, "model": "flashcards.concept", "fields": {"description": "grandmother on the mother's side / (unicode)5916(unicode)5a46 / w(unicode)00e0ip(unicode)00f3"}}, 
{"pk": 48, "model": "flashcards.concept", "fields": {"description": "(a surname) / (unicode)9648 / ch(unicode)00e9n"}}, 
{"pk": 49, "model": "flashcards.concept", "fields": {"description": "to know (somebody) / (unicode)8ba4(unicode)8bc6 / r(unicode)00e8nshi"}}, 
{"pk": 50, "model": "flashcards.concept", "fields": {"description": "happy; pleased / (unicode)9ad8(unicode)5174 / g(unicode)0101ox(unicode)00ecng"}}, 
{"pk": 1, "model": "flashcards.assettype", "fields": {"name": "Chinese (traditional)"}}, 
{"pk": 2, "model": "flashcards.assettype", "fields": {"name": "Chinese (simplified)"}}, 
{"pk": 3, "model": "flashcards.assettype", "fields": {"name": "pinyin"}}, 
{"pk": 4, "model": "flashcards.assettype", "fields": {"name": "English"}}, 
{"pk": 5, "model": "flashcards.assettype", "fields": {"name": "part of speech"}}, 
{"pk": 1, "model": "flashcards.asset", "fields": {"content": "(unicode)4f60", "concept": 1, "asset_type": 1}}, 
{"pk": 2, "model": "flashcards.asset", "fields": {"content": "(unicode)4f60", "concept": 1, "asset_type": 2}}, 
{"pk": 3, "model": "flashcards.asset", "fields": {"content": "n(unicode)01d0", "concept": 1, "asset_type": 3}}, 
{"pk": 4, "model": "flashcards.asset", "fields": {"content": "You", "concept": 1, "asset_type": 4}}, 
{"pk": 5, "model": "flashcards.asset", "fields": {"content": "Pr", "concept": 1, "asset_type": 5}}, 
{"pk": 6, "model": "flashcards.asset", "fields": {"content": "(unicode)597d", "concept": 2, "asset_type": 1}}, 
{"pk": 7, "model": "flashcards.asset", "fields": {"content": "(unicode)597d", "concept": 2, "asset_type": 2}}, 
{"pk": 8, "model": "flashcards.asset", "fields": {"content": "h(unicode)01ceo", "concept": 2, "asset_type": 3}}, 
{"pk": 9, "model": "flashcards.asset", "fields": {"content": "good; well; fine; O.K.", "concept": 2, "asset_type": 4}}, 
{"pk": 10, "model": "flashcards.asset", "fields": {"content": "A", "concept": 2, "asset_type": 5}}, 
{"pk": 11, "model": "flashcards.asset", "fields": {"content": "(unicode)9678(unicode)96e8(unicode)5e73", "concept": 3, "asset_type": 1}}, 
{"pk": 12, "model": "flashcards.asset", "fields": {"content": "(unicode)9646(unicode)96e8(unicode)5e73", "concept": 3, "asset_type": 2}}, 
{"pk": 13, "model": "flashcards.asset", "fields": {"content": "l(unicode)00f9 y(unicode)01d4p(unicode)00edng", "concept": 3, "asset_type": 3}}, 
{"pk": 14, "model": "flashcards.asset", "fields": {"content": "(name of a Chinese reporter)", "concept": 3, "asset_type": 4}}, 
{"pk": 15, "model": "flashcards.asset", "fields": {"content": "PN", "concept": 3, "asset_type": 5}}, 
{"pk": 16, "model": "flashcards.asset", "fields": {"content": "(unicode)529b(unicode)6ce2", "concept": 4, "asset_type": 1}}, 
{"pk": 17, "model": "flashcards.asset", "fields": {"content": "(unicode)529b(unicode)6ce2", "concept": 4, "asset_type": 2}}, 
{"pk": 18, "model": "flashcards.asset", "fields": {"content": "l(unicode)00ec b(unicode)014d", "concept": 4, "asset_type": 3}}, 
{"pk": 19, "model": "flashcards.asset", "fields": {"content": "(name of a Canadian student)", "concept": 4, "asset_type": 4}}, 
{"pk": 20, "model": "flashcards.asset", "fields": {"content": "PN", "concept": 4, "asset_type": 5}}, 
{"pk": 21, "model": "flashcards.asset", "fields": {"content": "(unicode)55ce", "concept": 5, "asset_type": 1}}, 
{"pk": 22, "model": "flashcards.asset", "fields": {"content": "(unicode)5417", "concept": 5, "asset_type": 2}}, 
{"pk": 23, "model": "flashcards.asset", "fields": {"content": "ma", "concept": 5, "asset_type": 3}}, 
{"pk": 24, "model": "flashcards.asset", "fields": {"content": "(interrogative particle for question expecting yes-no answer)", "concept": 5, "asset_type": 4}}, 
{"pk": 25, "model": "flashcards.asset", "fields": {"content": "QPt", "concept": 5, "asset_type": 5}}, 
{"pk": 26, "model": "flashcards.asset", "fields": {"content": "(unicode)6211", "concept": 6, "asset_type": 1}}, 
{"pk": 27, "model": "flashcards.asset", "fields": {"content": "(unicode)6211", "concept": 6, "asset_type": 2}}, 
{"pk": 28, "model": "flashcards.asset", "fields": {"content": "w(unicode)01d2", "concept": 6, "asset_type": 3}}, 
{"pk": 29, "model": "flashcards.asset", "fields": {"content": "I; me", "concept": 6, "asset_type": 4}}, 
{"pk": 30, "model": "flashcards.asset", "fields": {"content": "Pr", "concept": 6, "asset_type": 5}}, 
{"pk": 31, "model": "flashcards.asset", "fields": {"content": "(unicode)5f88", "concept": 7, "asset_type": 1}}, 
{"pk": 32, "model": "flashcards.asset", "fields": {"content": "(unicode)5f88", "concept": 7, "asset_type": 2}}, 
{"pk": 33, "model": "flashcards.asset", "fields": {"content": "h(unicode)011bn", "concept": 7, "asset_type": 3}}, 
{"pk": 34, "model": "flashcards.asset", "fields": {"content": "very", "concept": 7, "asset_type": 4}}, 
{"pk": 35, "model": "flashcards.asset", "fields": {"content": "Adv", "concept": 7, "asset_type": 5}}, 
{"pk": 36, "model": "flashcards.asset", "fields": {"content": "(unicode)5462", "concept": 8, "asset_type": 1}}, 
{"pk": 37, "model": "flashcards.asset", "fields": {"content": "(unicode)5462", "concept": 8, "asset_type": 2}}, 
{"pk": 38, "model": "flashcards.asset", "fields": {"content": "ne", "concept": 8, "asset_type": 3}}, 
{"pk": 39, "model": "flashcards.asset", "fields": {"content": "(a modal particle used for elliptical questions)", "concept": 8, "asset_type": 4}}, 
{"pk": 40, "model": "flashcards.asset", "fields": {"content": "MdPt", "concept": 8, "asset_type": 5}}, 
{"pk": 41, "model": "flashcards.asset", "fields": {"content": "(unicode)4e5f", "concept": 9, "asset_type": 1}}, 
{"pk": 42, "model": "flashcards.asset", "fields": {"content": "(unicode)4e5f", "concept": 9, "asset_type": 2}}, 
{"pk": 43, "model": "flashcards.asset", "fields": {"content": "y(unicode)011b", "concept": 9, "asset_type": 3}}, 
{"pk": 44, "model": "flashcards.asset", "fields": {"content": "too; also", "concept": 9, "asset_type": 4}}, 
{"pk": 45, "model": "flashcards.asset", "fields": {"content": "Adv", "concept": 9, "asset_type": 5}}, 
{"pk": 46, "model": "flashcards.asset", "fields": {"content": "(unicode)6797(unicode)5a1c", "concept": 10, "asset_type": 1}}, 
{"pk": 47, "model": "flashcards.asset", "fields": {"content": "(unicode)6797(unicode)5a1c", "concept": 10, "asset_type": 2}}, 
{"pk": 48, "model": "flashcards.asset", "fields": {"content": "l(unicode)00edn n(unicode)00e0", "concept": 10, "asset_type": 3}}, 
{"pk": 49, "model": "flashcards.asset", "fields": {"content": "(name of a British student)", "concept": 10, "asset_type": 4}}, 
{"pk": 50, "model": "flashcards.asset", "fields": {"content": "PN", "concept": 10, "asset_type": 5}}, 
{"pk": 51, "model": "flashcards.asset", "fields": {"content": "(unicode)5fd9", "concept": 11, "asset_type": 1}}, 
{"pk": 52, "model": "flashcards.asset", "fields": {"content": "(unicode)5fd9", "concept": 11, "asset_type": 2}}, 
{"pk": 53, "model": "flashcards.asset", "fields": {"content": "m(unicode)00e1ng", "concept": 11, "asset_type": 3}}, 
{"pk": 54, "model": "flashcards.asset", "fields": {"content": "busy", "concept": 11, "asset_type": 4}}, 
{"pk": 55, "model": "flashcards.asset", "fields": {"content": "A", "concept": 11, "asset_type": 5}}, 
{"pk": 56, "model": "flashcards.asset", "fields": {"content": "(unicode)55ce", "concept": 12, "asset_type": 1}}, 
{"pk": 57, "model": "flashcards.asset", "fields": {"content": "(unicode)5417", "concept": 12, "asset_type": 2}}, 
{"pk": 58, "model": "flashcards.asset", "fields": {"content": "ma", "concept": 12, "asset_type": 3}}, 
{"pk": 59, "model": "flashcards.asset", "fields": {"content": "(a particle used for questions expecting a yes-no answer)", "concept": 12, "asset_type": 4}}, 
{"pk": 60, "model": "flashcards.asset", "fields": {"content": "QPt", "concept": 12, "asset_type": 5}}, 
{"pk": 61, "model": "flashcards.asset", "fields": {"content": "(unicode)7238(unicode)7238", "concept": 13, "asset_type": 1}}, 
{"pk": 62, "model": "flashcards.asset", "fields": {"content": "(unicode)7238(unicode)7238", "concept": 13, "asset_type": 2}}, 
{"pk": 63, "model": "flashcards.asset", "fields": {"content": "b(unicode)00e0ba", "concept": 13, "asset_type": 3}}, 
{"pk": 64, "model": "flashcards.asset", "fields": {"content": "dad", "concept": 13, "asset_type": 4}}, 
{"pk": 65, "model": "flashcards.asset", "fields": {"content": "N", "concept": 13, "asset_type": 5}}, 
{"pk": 66, "model": "flashcards.asset", "fields": {"content": "(unicode)5abd(unicode)5abd", "concept": 14, "asset_type": 1}}, 
{"pk": 67, "model": "flashcards.asset", "fields": {"content": "(unicode)5988(unicode)5988", "concept": 14, "asset_type": 2}}, 
{"pk": 68, "model": "flashcards.asset", "fields": {"content": "m(unicode)0101ma", "concept": 14, "asset_type": 3}}, 
{"pk": 69, "model": "flashcards.asset", "fields": {"content": "mom", "concept": 14, "asset_type": 4}}, 
{"pk": 70, "model": "flashcards.asset", "fields": {"content": "N", "concept": 14, "asset_type": 5}}, 
{"pk": 71, "model": "flashcards.asset", "fields": {"content": "(unicode)4ed6(unicode)5011", "concept": 15, "asset_type": 1}}, 
{"pk": 72, "model": "flashcards.asset", "fields": {"content": "(unicode)4ed6(unicode)4eec", "concept": 15, "asset_type": 2}}, 
{"pk": 73, "model": "flashcards.asset", "fields": {"content": "t(unicode)0101men", "concept": 15, "asset_type": 3}}, 
{"pk": 74, "model": "flashcards.asset", "fields": {"content": "they; them", "concept": 15, "asset_type": 4}}, 
{"pk": 75, "model": "flashcards.asset", "fields": {"content": "Pr", "concept": 15, "asset_type": 5}}, 
{"pk": 76, "model": "flashcards.asset", "fields": {"content": "(unicode)4ed6", "concept": 16, "asset_type": 1}}, 
{"pk": 77, "model": "flashcards.asset", "fields": {"content": "(unicode)4ed6", "concept": 16, "asset_type": 2}}, 
{"pk": 78, "model": "flashcards.asset", "fields": {"content": "t(unicode)0101", "concept": 16, "asset_type": 3}}, 
{"pk": 79, "model": "flashcards.asset", "fields": {"content": "he; him", "concept": 16, "asset_type": 4}}, 
{"pk": 80, "model": "flashcards.asset", "fields": {"content": "Pr", "concept": 16, "asset_type": 5}}, 
{"pk": 81, "model": "flashcards.asset", "fields": {"content": "(unicode)636b", "concept": 17, "asset_type": 1}}, 
{"pk": 82, "model": "flashcards.asset", "fields": {"content": "(unicode)4eec", "concept": 17, "asset_type": 2}}, 
{"pk": 83, "model": "flashcards.asset", "fields": {"content": "men", "concept": 17, "asset_type": 3}}, 
{"pk": 84, "model": "flashcards.asset", "fields": {"content": "(used after pronouns (unicode)6211, (unicode)4f60, (unicode)4ed6 or certain nouns to denote plural)", "concept": 17, "asset_type": 4}}, 
{"pk": 85, "model": "flashcards.asset", "fields": {"content": "Suf", "concept": 17, "asset_type": 5}}, 
{"pk": 86, "model": "flashcards.asset", "fields": {"content": "(unicode)90fd", "concept": 18, "asset_type": 1}}, 
{"pk": 87, "model": "flashcards.asset", "fields": {"content": "(unicode)90fd", "concept": 18, "asset_type": 2}}, 
{"pk": 88, "model": "flashcards.asset", "fields": {"content": "d(unicode)014du", "concept": 18, "asset_type": 3}}, 
{"pk": 89, "model": "flashcards.asset", "fields": {"content": "both; all", "concept": 18, "asset_type": 4}}, 
{"pk": 90, "model": "flashcards.asset", "fields": {"content": "Adv", "concept": 18, "asset_type": 5}}, 
{"pk": 91, "model": "flashcards.asset", "fields": {"content": "(unicode)4e0d", "concept": 19, "asset_type": 1}}, 
{"pk": 92, "model": "flashcards.asset", "fields": {"content": "(unicode)4e0d", "concept": 19, "asset_type": 2}}, 
{"pk": 93, "model": "flashcards.asset", "fields": {"content": "b(unicode)00f9", "concept": 19, "asset_type": 3}}, 
{"pk": 94, "model": "flashcards.asset", "fields": {"content": "not; no", "concept": 19, "asset_type": 4}}, 
{"pk": 95, "model": "flashcards.asset", "fields": {"content": "Adv", "concept": 19, "asset_type": 5}}, 
{"pk": 96, "model": "flashcards.asset", "fields": {"content": "(unicode)7537", "concept": 20, "asset_type": 1}}, 
{"pk": 97, "model": "flashcards.asset", "fields": {"content": "(unicode)7537", "concept": 20, "asset_type": 2}}, 
{"pk": 98, "model": "flashcards.asset", "fields": {"content": "n(unicode)00e1n", "concept": 20, "asset_type": 3}}, 
{"pk": 99, "model": "flashcards.asset", "fields": {"content": "male", "concept": 20, "asset_type": 4}}, 
{"pk": 100, "model": "flashcards.asset", "fields": {"content": "A", "concept": 20, "asset_type": 5}}, 
{"pk": 101, "model": "flashcards.asset", "fields": {"content": "(unicode)670b(unicode)53cb", "concept": 21, "asset_type": 1}}, 
{"pk": 102, "model": "flashcards.asset", "fields": {"content": "(unicode)670b(unicode)53cb", "concept": 21, "asset_type": 2}}, 
{"pk": 103, "model": "flashcards.asset", "fields": {"content": "p(unicode)00e9ngyou", "concept": 21, "asset_type": 3}}, 
{"pk": 104, "model": "flashcards.asset", "fields": {"content": "friend", "concept": 21, "asset_type": 4}}, 
{"pk": 105, "model": "flashcards.asset", "fields": {"content": "N", "concept": 21, "asset_type": 5}}, 
{"pk": 106, "model": "flashcards.asset", "fields": {"content": "(unicode)5462", "concept": 22, "asset_type": 1}}, 
{"pk": 107, "model": "flashcards.asset", "fields": {"content": "(unicode)5462", "concept": 22, "asset_type": 2}}, 
{"pk": 108, "model": "flashcards.asset", "fields": {"content": "ne", "concept": 22, "asset_type": 3}}, 
{"pk": 109, "model": "flashcards.asset", "fields": {"content": "(a modal particle used for elliptical questions)", "concept": 22, "asset_type": 4}}, 
{"pk": 110, "model": "flashcards.asset", "fields": {"content": "MdPt", "concept": 22, "asset_type": 5}}, 
{"pk": 111, "model": "flashcards.asset", "fields": {"content": "(unicode)54e5(unicode)54e5", "concept": 23, "asset_type": 1}}, 
{"pk": 112, "model": "flashcards.asset", "fields": {"content": "(unicode)54e5(unicode)54e5", "concept": 23, "asset_type": 2}}, 
{"pk": 113, "model": "flashcards.asset", "fields": {"content": "g(unicode)0113ge", "concept": 23, "asset_type": 3}}, 
{"pk": 114, "model": "flashcards.asset", "fields": {"content": "elder brother", "concept": 23, "asset_type": 4}}, 
{"pk": 115, "model": "flashcards.asset", "fields": {"content": "N", "concept": 23, "asset_type": 5}}, 
{"pk": 116, "model": "flashcards.asset", "fields": {"content": "(unicode)8981", "concept": 24, "asset_type": 1}}, 
{"pk": 117, "model": "flashcards.asset", "fields": {"content": "(unicode)8981", "concept": 24, "asset_type": 2}}, 
{"pk": 118, "model": "flashcards.asset", "fields": {"content": "y(unicode)00e0o", "concept": 24, "asset_type": 3}}, 
{"pk": 119, "model": "flashcards.asset", "fields": {"content": "to want", "concept": 24, "asset_type": 4}}, 
{"pk": 120, "model": "flashcards.asset", "fields": {"content": "V", "concept": 24, "asset_type": 5}}, 
{"pk": 121, "model": "flashcards.asset", "fields": {"content": "(unicode)5496(unicode)5561", "concept": 25, "asset_type": 1}}, 
{"pk": 122, "model": "flashcards.asset", "fields": {"content": "(unicode)5496(unicode)5561", "concept": 25, "asset_type": 2}}, 
{"pk": 123, "model": "flashcards.asset", "fields": {"content": "k(unicode)0101f(unicode)0113i", "concept": 25, "asset_type": 3}}, 
{"pk": 124, "model": "flashcards.asset", "fields": {"content": "coffee", "concept": 25, "asset_type": 4}}, 
{"pk": 125, "model": "flashcards.asset", "fields": {"content": "N", "concept": 25, "asset_type": 5}}, 
{"pk": 126, "model": "flashcards.asset", "fields": {"content": "(unicode)5f1f(unicode)5f1f", "concept": 26, "asset_type": 1}}, 
{"pk": 127, "model": "flashcards.asset", "fields": {"content": "(unicode)5f1f(unicode)5f1f", "concept": 26, "asset_type": 2}}, 
{"pk": 128, "model": "flashcards.asset", "fields": {"content": "d(unicode)00ecdi", "concept": 26, "asset_type": 3}}, 
{"pk": 129, "model": "flashcards.asset", "fields": {"content": "younger brother", "concept": 26, "asset_type": 4}}, 
{"pk": 130, "model": "flashcards.asset", "fields": {"content": "N", "concept": 26, "asset_type": 5}}, 
{"pk": 131, "model": "flashcards.asset", "fields": {"content": "(unicode)6211(unicode)5011", "concept": 27, "asset_type": 1}}, 
{"pk": 132, "model": "flashcards.asset", "fields": {"content": "(unicode)6211(unicode)4eec", "concept": 27, "asset_type": 2}}, 
{"pk": 133, "model": "flashcards.asset", "fields": {"content": "w(unicode)01d2men", "concept": 27, "asset_type": 3}}, 
{"pk": 134, "model": "flashcards.asset", "fields": {"content": "we; us", "concept": 27, "asset_type": 4}}, 
{"pk": 135, "model": "flashcards.asset", "fields": {"content": "Pr", "concept": 27, "asset_type": 5}}, 
{"pk": 136, "model": "flashcards.asset", "fields": {"content": "(unicode)559d", "concept": 28, "asset_type": 1}}, 
{"pk": 137, "model": "flashcards.asset", "fields": {"content": "(unicode)559d", "concept": 28, "asset_type": 2}}, 
{"pk": 138, "model": "flashcards.asset", "fields": {"content": "h(unicode)0113", "concept": 28, "asset_type": 3}}, 
{"pk": 139, "model": "flashcards.asset", "fields": {"content": "to drink", "concept": 28, "asset_type": 4}}, 
{"pk": 140, "model": "flashcards.asset", "fields": {"content": "V", "concept": 28, "asset_type": 5}}, 
{"pk": 141, "model": "flashcards.asset", "fields": {"content": "(unicode)4e01", "concept": 29, "asset_type": 1}}, 
{"pk": 142, "model": "flashcards.asset", "fields": {"content": "(unicode)4e01", "concept": 29, "asset_type": 2}}, 
{"pk": 143, "model": "flashcards.asset", "fields": {"content": "d(unicode)012bng", "concept": 29, "asset_type": 3}}, 
{"pk": 144, "model": "flashcards.asset", "fields": {"content": "(a surname)", "concept": 29, "asset_type": 4}}, 
{"pk": 145, "model": "flashcards.asset", "fields": {"content": "PN", "concept": 29, "asset_type": 5}}, 
{"pk": 146, "model": "flashcards.asset", "fields": {"content": "(unicode)5979", "concept": 30, "asset_type": 1}}, 
{"pk": 147, "model": "flashcards.asset", "fields": {"content": "(unicode)5979", "concept": 30, "asset_type": 2}}, 
{"pk": 148, "model": "flashcards.asset", "fields": {"content": "t(unicode)0101", "concept": 30, "asset_type": 3}}, 
{"pk": 149, "model": "flashcards.asset", "fields": {"content": "she; her", "concept": 30, "asset_type": 4}}, 
{"pk": 150, "model": "flashcards.asset", "fields": {"content": "Pr", "concept": 30, "asset_type": 5}}, 
{"pk": 151, "model": "flashcards.asset", "fields": {"content": "(unicode)662f", "concept": 31, "asset_type": 1}}, 
{"pk": 152, "model": "flashcards.asset", "fields": {"content": "(unicode)662f", "concept": 31, "asset_type": 2}}, 
{"pk": 153, "model": "flashcards.asset", "fields": {"content": "sh(unicode)00ec", "concept": 31, "asset_type": 3}}, 
{"pk": 154, "model": "flashcards.asset", "fields": {"content": "to be", "concept": 31, "asset_type": 4}}, 
{"pk": 155, "model": "flashcards.asset", "fields": {"content": "V", "concept": 31, "asset_type": 5}}, 
{"pk": 156, "model": "flashcards.asset", "fields": {"content": "(unicode)54ea", "concept": 32, "asset_type": 1}}, 
{"pk": 157, "model": "flashcards.asset", "fields": {"content": "(unicode)54ea", "concept": 32, "asset_type": 2}}, 
{"pk": 158, "model": "flashcards.asset", "fields": {"content": "n(unicode)01ce", "concept": 32, "asset_type": 3}}, 
{"pk": 159, "model": "flashcards.asset", "fields": {"content": "which", "concept": 32, "asset_type": 4}}, 
{"pk": 160, "model": "flashcards.asset", "fields": {"content": "QPr", "concept": 32, "asset_type": 5}}, 
{"pk": 161, "model": "flashcards.asset", "fields": {"content": "(unicode)570b", "concept": 33, "asset_type": 1}}, 
{"pk": 162, "model": "flashcards.asset", "fields": {"content": "(unicode)56fd", "concept": 33, "asset_type": 2}}, 
{"pk": 163, "model": "flashcards.asset", "fields": {"content": "gu(unicode)00f3", "concept": 33, "asset_type": 3}}, 
{"pk": 164, "model": "flashcards.asset", "fields": {"content": "country, nation", "concept": 33, "asset_type": 4}}, 
{"pk": 165, "model": "flashcards.asset", "fields": {"content": "N", "concept": 33, "asset_type": 5}}, 
{"pk": 166, "model": "flashcards.asset", "fields": {"content": "(unicode)4eba", "concept": 34, "asset_type": 1}}, 
{"pk": 167, "model": "flashcards.asset", "fields": {"content": "(unicode)4eba", "concept": 34, "asset_type": 2}}, 
{"pk": 168, "model": "flashcards.asset", "fields": {"content": "r(unicode)00e9n", "concept": 34, "asset_type": 3}}, 
{"pk": 169, "model": "flashcards.asset", "fields": {"content": "people, person", "concept": 34, "asset_type": 4}}, 
{"pk": 170, "model": "flashcards.asset", "fields": {"content": "N", "concept": 34, "asset_type": 5}}, 
{"pk": 171, "model": "flashcards.asset", "fields": {"content": "(unicode)90a3", "concept": 35, "asset_type": 1}}, 
{"pk": 172, "model": "flashcards.asset", "fields": {"content": "(unicode)90a3", "concept": 35, "asset_type": 2}}, 
{"pk": 173, "model": "flashcards.asset", "fields": {"content": "n(unicode)00e0", "concept": 35, "asset_type": 3}}, 
{"pk": 174, "model": "flashcards.asset", "fields": {"content": "that", "concept": 35, "asset_type": 4}}, 
{"pk": 175, "model": "flashcards.asset", "fields": {"content": "Pr", "concept": 35, "asset_type": 5}}, 
{"pk": 176, "model": "flashcards.asset", "fields": {"content": "(unicode)8ab0", "concept": 36, "asset_type": 1}}, 
{"pk": 177, "model": "flashcards.asset", "fields": {"content": "(unicode)8c01", "concept": 36, "asset_type": 2}}, 
{"pk": 178, "model": "flashcards.asset", "fields": {"content": "sh(unicode)00e9i", "concept": 36, "asset_type": 3}}, 
{"pk": 179, "model": "flashcards.asset", "fields": {"content": "who; whom", "concept": 36, "asset_type": 4}}, 
{"pk": 180, "model": "flashcards.asset", "fields": {"content": "QPr", "concept": 36, "asset_type": 5}}, 
{"pk": 181, "model": "flashcards.asset", "fields": {"content": "(unicode)8001(unicode)5e2b", "concept": 37, "asset_type": 1}}, 
{"pk": 182, "model": "flashcards.asset", "fields": {"content": "(unicode)8001(unicode)5e08", "concept": 37, "asset_type": 2}}, 
{"pk": 183, "model": "flashcards.asset", "fields": {"content": "l(unicode)01ceosh(unicode)012b", "concept": 37, "asset_type": 3}}, 
{"pk": 184, "model": "flashcards.asset", "fields": {"content": "teacher", "concept": 37, "asset_type": 4}}, 
{"pk": 185, "model": "flashcards.asset", "fields": {"content": "N", "concept": 37, "asset_type": 5}}, 
{"pk": 186, "model": "flashcards.asset", "fields": {"content": "(unicode)90fd", "concept": 38, "asset_type": 1}}, 
{"pk": 187, "model": "flashcards.asset", "fields": {"content": "(unicode)90fd", "concept": 38, "asset_type": 2}}, 
{"pk": 188, "model": "flashcards.asset", "fields": {"content": "d(unicode)014du", "concept": 38, "asset_type": 3}}, 
{"pk": 189, "model": "flashcards.asset", "fields": {"content": "both; all", "concept": 38, "asset_type": 4}}, 
{"pk": 190, "model": "flashcards.asset", "fields": {"content": "Adv", "concept": 38, "asset_type": 5}}, 
{"pk": 191, "model": "flashcards.asset", "fields": {"content": "(unicode)4e2d(unicode)570b", "concept": 39, "asset_type": 1}}, 
{"pk": 192, "model": "flashcards.asset", "fields": {"content": "(unicode)4e2d(unicode)56fd", "concept": 39, "asset_type": 2}}, 
{"pk": 193, "model": "flashcards.asset", "fields": {"content": "zh(unicode)014dnggu(unicode)00f3", "concept": 39, "asset_type": 3}}, 
{"pk": 194, "model": "flashcards.asset", "fields": {"content": "China", "concept": 39, "asset_type": 4}}, 
{"pk": 195, "model": "flashcards.asset", "fields": {"content": "PN", "concept": 39, "asset_type": 5}}, 
{"pk": 196, "model": "flashcards.asset", "fields": {"content": "(unicode)60a8", "concept": 40, "asset_type": 1}}, 
{"pk": 197, "model": "flashcards.asset", "fields": {"content": "(unicode)60a8", "concept": 40, "asset_type": 2}}, 
{"pk": 198, "model": "flashcards.asset", "fields": {"content": "n(unicode)00edn", "concept": 40, "asset_type": 3}}, 
{"pk": 199, "model": "flashcards.asset", "fields": {"content": "you  (polite form)", "concept": 40, "asset_type": 4}}, 
{"pk": 200, "model": "flashcards.asset", "fields": {"content": "Pr", "concept": 40, "asset_type": 5}}, 
{"pk": 201, "model": "flashcards.asset", "fields": {"content": "(unicode)9019", "concept": 41, "asset_type": 1}}, 
{"pk": 202, "model": "flashcards.asset", "fields": {"content": "(unicode)8fd9", "concept": 41, "asset_type": 2}}, 
{"pk": 203, "model": "flashcards.asset", "fields": {"content": "zh(unicode)00e8", "concept": 41, "asset_type": 3}}, 
{"pk": 204, "model": "flashcards.asset", "fields": {"content": "this", "concept": 41, "asset_type": 4}}, 
{"pk": 205, "model": "flashcards.asset", "fields": {"content": "Pr", "concept": 41, "asset_type": 5}}, 
{"pk": 206, "model": "flashcards.asset", "fields": {"content": "(unicode)4ed6", "concept": 42, "asset_type": 1}}, 
{"pk": 207, "model": "flashcards.asset", "fields": {"content": "(unicode)4ed6", "concept": 42, "asset_type": 2}}, 
{"pk": 208, "model": "flashcards.asset", "fields": {"content": "t(unicode)0101", "concept": 42, "asset_type": 3}}, 
{"pk": 209, "model": "flashcards.asset", "fields": {"content": "he; him", "concept": 42, "asset_type": 4}}, 
{"pk": 210, "model": "flashcards.asset", "fields": {"content": "Pr", "concept": 42, "asset_type": 5}}, 
{"pk": 211, "model": "flashcards.asset", "fields": {"content": "(unicode)5916(unicode)8a9e", "concept": 43, "asset_type": 1}}, 
{"pk": 212, "model": "flashcards.asset", "fields": {"content": "(unicode)5916(unicode)8bed", "concept": 43, "asset_type": 2}}, 
{"pk": 213, "model": "flashcards.asset", "fields": {"content": "w(unicode)00e0iy(unicode)01d4", "concept": 43, "asset_type": 3}}, 
{"pk": 214, "model": "flashcards.asset", "fields": {"content": "foreign language", "concept": 43, "asset_type": 4}}, 
{"pk": 215, "model": "flashcards.asset", "fields": {"content": "N", "concept": 43, "asset_type": 5}}, 
{"pk": 216, "model": "flashcards.asset", "fields": {"content": "(unicode)4f60", "concept": 44, "asset_type": 1}}, 
{"pk": 217, "model": "flashcards.asset", "fields": {"content": "(unicode)4f60", "concept": 44, "asset_type": 2}}, 
{"pk": 218, "model": "flashcards.asset", "fields": {"content": "n(unicode)01d0", "concept": 44, "asset_type": 3}}, 
{"pk": 219, "model": "flashcards.asset", "fields": {"content": "you", "concept": 44, "asset_type": 4}}, 
{"pk": 220, "model": "flashcards.asset", "fields": {"content": "Pr", "concept": 44, "asset_type": 5}}, 
{"pk": 221, "model": "flashcards.asset", "fields": {"content": "(unicode)91ab(unicode)751f", "concept": 45, "asset_type": 1}}, 
{"pk": 222, "model": "flashcards.asset", "fields": {"content": "(unicode)533b(unicode)751f", "concept": 45, "asset_type": 2}}, 
{"pk": 223, "model": "flashcards.asset", "fields": {"content": "y(unicode)012bsh(unicode)0113ng", "concept": 45, "asset_type": 3}}, 
{"pk": 224, "model": "flashcards.asset", "fields": {"content": "doctor; physician", "concept": 45, "asset_type": 4}}, 
{"pk": 225, "model": "flashcards.asset", "fields": {"content": "N", "concept": 45, "asset_type": 5}}, 
{"pk": 226, "model": "flashcards.asset", "fields": {"content": "(unicode)5976(unicode)5976", "concept": 46, "asset_type": 1}}, 
{"pk": 227, "model": "flashcards.asset", "fields": {"content": "(unicode)5976(unicode)5976", "concept": 46, "asset_type": 2}}, 
{"pk": 228, "model": "flashcards.asset", "fields": {"content": "n(unicode)01ceinai", "concept": 46, "asset_type": 3}}, 
{"pk": 229, "model": "flashcards.asset", "fields": {"content": "grandmother on the father's side", "concept": 46, "asset_type": 4}}, 
{"pk": 230, "model": "flashcards.asset", "fields": {"content": "N", "concept": 46, "asset_type": 5}}, 
{"pk": 231, "model": "flashcards.asset", "fields": {"content": "(unicode)5916(unicode)5a46", "concept": 47, "asset_type": 1}}, 
{"pk": 232, "model": "flashcards.asset", "fields": {"content": "(unicode)5916(unicode)5a46", "concept": 47, "asset_type": 2}}, 
{"pk": 233, "model": "flashcards.asset", "fields": {"content": "w(unicode)00e0ip(unicode)00f3", "concept": 47, "asset_type": 3}}, 
{"pk": 234, "model": "flashcards.asset", "fields": {"content": "grandmother on the mother's side", "concept": 47, "asset_type": 4}}, 
{"pk": 235, "model": "flashcards.asset", "fields": {"content": "N", "concept": 47, "asset_type": 5}}, 
{"pk": 236, "model": "flashcards.asset", "fields": {"content": "(unicode)9673", "concept": 48, "asset_type": 1}}, 
{"pk": 237, "model": "flashcards.asset", "fields": {"content": "(unicode)9648", "concept": 48, "asset_type": 2}}, 
{"pk": 238, "model": "flashcards.asset", "fields": {"content": "ch(unicode)00e9n", "concept": 48, "asset_type": 3}}, 
{"pk": 239, "model": "flashcards.asset", "fields": {"content": "(a surname)", "concept": 48, "asset_type": 4}}, 
{"pk": 240, "model": "flashcards.asset", "fields": {"content": "PN", "concept": 48, "asset_type": 5}}, 
{"pk": 241, "model": "flashcards.asset", "fields": {"content": "(unicode)8a8d(unicode)8b58", "concept": 49, "asset_type": 1}}, 
{"pk": 242, "model": "flashcards.asset", "fields": {"content": "(unicode)8ba4(unicode)8bc6", "concept": 49, "asset_type": 2}}, 
{"pk": 243, "model": "flashcards.asset", "fields": {"content": "r(unicode)00e8nshi", "concept": 49, "asset_type": 3}}, 
{"pk": 244, "model": "flashcards.asset", "fields": {"content": "to know (somebody)", "concept": 49, "asset_type": 4}}, 
{"pk": 245, "model": "flashcards.asset", "fields": {"content": "V", "concept": 49, "asset_type": 5}}, 
{"pk": 246, "model": "flashcards.asset", "fields": {"content": "(unicode)9ad8(unicode)8208", "concept": 50, "asset_type": 1}}, 
{"pk": 247, "model": "flashcards.asset", "fields": {"content": "(unicode)9ad8(unicode)5174", "concept": 50, "asset_type": 2}}, 
{"pk": 248, "model": "flashcards.asset", "fields": {"content": "g(unicode)0101ox(unicode)00ecng", "concept": 50, "asset_type": 3}}, 
{"pk": 249, "model": "flashcards.asset", "fields": {"content": "happy; pleased", "concept": 50, "asset_type": 4}}, 
{"pk": 250, "model": "flashcards.asset", "fields": {"content": "A", "concept": 50, "asset_type": 5}}, 
{"pk": 1, "model": "flashcards.lesson", "fields": {"name": "BLCU Chinese Reader Chapter 1", "description": ""}}, 
{"pk": 2, "model": "flashcards.lesson", "fields": {"name": "BLCU Chinese Reader Chapter 2", "description": ""}}, 
{"pk": 3, "model": "flashcards.lesson", "fields": {"name": "BLCU Chinese Reader Chapter 3", "description": ""}}, 
{"pk": 4, "model": "flashcards.lesson", "fields": {"name": "BLCU Chinese Reader Chapter 4", "description": ""}}, 
{"pk": 1, "model": "flashcards.lessonsequence", "fields": {"lesson": 1, "concept": 1, "sequence": 1}}, 
{"pk": 2, "model": "flashcards.lessonsequence", "fields": {"lesson": 1, "concept": 2, "sequence": 2}}, 
{"pk": 3, "model": "flashcards.lessonsequence", "fields": {"lesson": 1, "concept": 3, "sequence": 3}}, 
{"pk": 4, "model": "flashcards.lessonsequence", "fields": {"lesson": 1, "concept": 4, "sequence": 4}}, 
{"pk": 5, "model": "flashcards.lessonsequence", "fields": {"lesson": 1, "concept": 5, "sequence": 5}}, 
{"pk": 6, "model": "flashcards.lessonsequence", "fields": {"lesson": 1, "concept": 6, "sequence": 6}}, 
{"pk": 7, "model": "flashcards.lessonsequence", "fields": {"lesson": 1, "concept": 7, "sequence": 7}}, 
{"pk": 8, "model": "flashcards.lessonsequence", "fields": {"lesson": 1, "concept": 8, "sequence": 8}}, 
{"pk": 9, "model": "flashcards.lessonsequence", "fields": {"lesson": 1, "concept": 9, "sequence": 9}}, 
{"pk": 10, "model": "flashcards.lessonsequence", "fields": {"lesson": 1, "concept": 10, "sequence": 10}}, 
{"pk": 11, "model": "flashcards.lessonsequence", "fields": {"lesson": 2, "concept": 11, "sequence": 1}}, 
{"pk": 12, "model": "flashcards.lessonsequence", "fields": {"lesson": 2, "concept": 12, "sequence": 2}}, 
{"pk": 13, "model": "flashcards.lessonsequence", "fields": {"lesson": 2, "concept": 13, "sequence": 3}}, 
{"pk": 14, "model": "flashcards.lessonsequence", "fields": {"lesson": 2, "concept": 14, "sequence": 4}}, 
{"pk": 15, "model": "flashcards.lessonsequence", "fields": {"lesson": 2, "concept": 15, "sequence": 5}}, 
{"pk": 16, "model": "flashcards.lessonsequence", "fields": {"lesson": 2, "concept": 16, "sequence": 6}}, 
{"pk": 17, "model": "flashcards.lessonsequence", "fields": {"lesson": 2, "concept": 17, "sequence": 7}}, 
{"pk": 18, "model": "flashcards.lessonsequence", "fields": {"lesson": 2, "concept": 18, "sequence": 8}}, 
{"pk": 19, "model": "flashcards.lessonsequence", "fields": {"lesson": 2, "concept": 19, "sequence": 9}}, 
{"pk": 20, "model": "flashcards.lessonsequence", "fields": {"lesson": 2, "concept": 20, "sequence": 10}}, 
{"pk": 21, "model": "flashcards.lessonsequence", "fields": {"lesson": 2, "concept": 21, "sequence": 11}}, 
{"pk": 22, "model": "flashcards.lessonsequence", "fields": {"lesson": 2, "concept": 22, "sequence": 12}}, 
{"pk": 23, "model": "flashcards.lessonsequence", "fields": {"lesson": 2, "concept": 23, "sequence": 13}}, 
{"pk": 24, "model": "flashcards.lessonsequence", "fields": {"lesson": 2, "concept": 24, "sequence": 14}}, 
{"pk": 25, "model": "flashcards.lessonsequence", "fields": {"lesson": 2, "concept": 25, "sequence": 15}}, 
{"pk": 26, "model": "flashcards.lessonsequence", "fields": {"lesson": 2, "concept": 26, "sequence": 16}}, 
{"pk": 27, "model": "flashcards.lessonsequence", "fields": {"lesson": 2, "concept": 27, "sequence": 17}}, 
{"pk": 28, "model": "flashcards.lessonsequence", "fields": {"lesson": 2, "concept": 28, "sequence": 18}}, 
{"pk": 29, "model": "flashcards.lessonsequence", "fields": {"lesson": 2, "concept": 29, "sequence": 19}}, 
{"pk": 30, "model": "flashcards.lessonsequence", "fields": {"lesson": 3, "concept": 30, "sequence": 1}}, 
{"pk": 31, "model": "flashcards.lessonsequence", "fields": {"lesson": 3, "concept": 31, "sequence": 2}}, 
{"pk": 32, "model": "flashcards.lessonsequence", "fields": {"lesson": 3, "concept": 32, "sequence": 3}}, 
{"pk": 33, "model": "flashcards.lessonsequence", "fields": {"lesson": 3, "concept": 33, "sequence": 4}}, 
{"pk": 34, "model": "flashcards.lessonsequence", "fields": {"lesson": 3, "concept": 34, "sequence": 5}}, 
{"pk": 35, "model": "flashcards.lessonsequence", "fields": {"lesson": 3, "concept": 35, "sequence": 6}}, 
{"pk": 36, "model": "flashcards.lessonsequence", "fields": {"lesson": 3, "concept": 36, "sequence": 7}}, 
{"pk": 37, "model": "flashcards.lessonsequence", "fields": {"lesson": 3, "concept": 37, "sequence": 8}}, 
{"pk": 38, "model": "flashcards.lessonsequence", "fields": {"lesson": 3, "concept": 38, "sequence": 9}}, 
{"pk": 39, "model": "flashcards.lessonsequence", "fields": {"lesson": 3, "concept": 39, "sequence": 10}}, 
{"pk": 40, "model": "flashcards.lessonsequence", "fields": {"lesson": 3, "concept": 40, "sequence": 11}}, 
{"pk": 41, "model": "flashcards.lessonsequence", "fields": {"lesson": 3, "concept": 41, "sequence": 12}}, 
{"pk": 42, "model": "flashcards.lessonsequence", "fields": {"lesson": 3, "concept": 42, "sequence": 13}}, 
{"pk": 43, "model": "flashcards.lessonsequence", "fields": {"lesson": 3, "concept": 43, "sequence": 14}}, 
{"pk": 44, "model": "flashcards.lessonsequence", "fields": {"lesson": 3, "concept": 44, "sequence": 15}}, 
{"pk": 45, "model": "flashcards.lessonsequence", "fields": {"lesson": 3, "concept": 45, "sequence": 16}}, 
{"pk": 46, "model": "flashcards.lessonsequence", "fields": {"lesson": 3, "concept": 46, "sequence": 17}}, 
{"pk": 47, "model": "flashcards.lessonsequence", "fields": {"lesson": 3, "concept": 47, "sequence": 18}}, 
{"pk": 48, "model": "flashcards.lessonsequence", "fields": {"lesson": 3, "concept": 48, "sequence": 19}}, 
{"pk": 49, "model": "flashcards.lessonsequence", "fields": {"lesson": 4, "concept": 49, "sequence": 1}}, 
{"pk": 50, "model": "flashcards.lessonsequence", "fields": {"lesson": 4, "concept": 50, "sequence": 2}},
    {
        "pk": 1, 
        "model": "flashcards.flashcardtype", 
        "fields": {
            "answer_template": "<i>{{A1}}</i><br/>{{A2}}", 
            "question_template": "{{Q1}}", 
            "name": "Read Simplified Chinese"
        }
    }, 
    {
        "pk": 1, 
        "model": "flashcards.assetusedincardtype", 
        "fields": {
            "flash_card_type": 1, 
            "token": "Q1", 
            "asset_type": 2
        }
    }, 
    {
        "pk": 2, 
        "model": "flashcards.assetusedincardtype", 
        "fields": {
            "flash_card_type": 1, 
            "token": "A1", 
            "asset_type": 3
        }
    }, 
    {
        "pk": 3, 
        "model": "flashcards.assetusedincardtype", 
        "fields": {
            "flash_card_type": 1, 
            "token": "A2", 
            "asset_type": 4
        }
    },
    {
        "pk": 2, 
        "model": "auth.user", 
        "fields": {
            "username": "richard", 
            "first_name": "", 
            "last_name": "", 
            "is_active": 1, 
            "is_superuser": 0, 
            "is_staff": 0, 
            "last_login": "2010-03-15 04:52:54", 
            "groups": [], 
            "user_permissions": [], 
            "password": "sha1$96963$ae7822f1904cd359e565e52d5237f6516297df4b", 
            "email": "", 
            "date_joined": "2010-03-15 04:52:54"
        }
    }
]
